order_id,order_date,region,product,quantity,unit_price,status
1001,2024-01-01,North,Laptop,3,1200,completed
1002,2024-03-20,South,Laptop,5,1200,completed
1003,2024-05-19,East,Mouse,1,40,completed
1004,2024-07-12,West,Headset,1,110,
1005,2024-06-01,Central,Headset,5,110,completed
1006,2024-07-11,North,Laptop,4,1200,completed
1007,2024-11-28,East,Headset,4,110,completed
1008,2024-04-29,Central,Mouse,2,40,completed
1009,2024-03-31,South,Webcam,4,75,completed
1010,2024-01-27,West,Mouse,3,40,cancelled
1011,2024-10-06,West,Keyboard,2,85,completed
1012,2024-03-01,Central,Keyboard,1,85,cancelled
1013,2024-11-26,West,Mouse,5,40,completed
1014,2024-06-29,Central,Monitor,1,320,completed
1015,2024-07-01,Central,Keyboard,3,85,completed
1016,2024-06-18,South,Webcam,4,75,completed
1017,2024-10-29,South,Laptop,5,1200,
1018,2024-08-17,Central,Headset,5,110,completed
1019,2024-03-26,North,Monitor,3,320,completed
1020,2024-11-04,West,Keyboard,3,85,completed
1021,2024-07-15,East,Keyboard,1,85,completed
1022,2024-07-27,North,Headset,3,110,
1023,2024-12-14,Central,Headset,4,110,completed
1024,2024-11-03,South,Laptop,1,1200,completed
1025,2024-02-03,North,Monitor,1,320,
1026,2024-09-16,East,Webcam,2,75,completed
1027,2024-11-19,South,Mouse,2,40,completed
1028,2024-05-21,North,Keyboard,5,85,completed
1029,2024-08-03,East,Webcam,5,75,completed
1030,2024-05-29,West,Laptop,3,1200,completed
1031,2024-06-18,East,Webcam,2,75,completed
1032,2024-08-17,South,Laptop,5,1200,completed
1033,2024-03-31,West,Keyboard,1,85,completed
1034,2024-11-25,Central,Keyboard,3,85,completed
1035,2024-02-17,East,Webcam,1,75,completed
1036,2024-05-13,South,Monitor,3,320,completed
1037,2024-05-07,Central,Keyboard,4,85,completed
1038,2024-03-19,West,Headset,5,110,cancelled
1039,2024-06-21,Central,Mouse,4,40,completed
1040,2024-06-17,North,Webcam,5,75,completed
1041,2024-09-08,Central,Headset,5,110,returned
1042,2024-04-15,East,Mouse,3,40,completed
1043,2024-07-29,South,Webcam,5,75,completed
1044,2024-09-18,South,Headset,1,110,completed
1045,2024-11-19,East,Mouse,4,40,completed
1046,2024-06-27,East,Headset,5,110,completed
1047,2024-11-12,East,Webcam,3,75,completed
1048,2024-12-27,West,Monitor,3,320,completed
1049,2024-11-17,Central,Keyboard,2,85,completed
1050,2024-03-18,South,Webcam,4,75,completed
1051,2024-01-01,South,Laptop,2,1200,completed
1052,2024-06-01,West,Headset,5,110,completed
1053,2024-09-15,East,Headset,4,110,completed
1054,2024-08-17,East,Monitor,2,320,completed
1055,2024-12-13,West,Webcam,4,75,completed
1056,2024-04-13,North,Headset,2,110,completed
1057,2024-03-11,Central,Laptop,2,1200,completed
1058,2024-10-26,South,Laptop,1,1200,completed
1059,2024-10-29,West,Laptop,2,1200,returned
1060,2024-02-07,South,Monitor,4,320,completed
1061,2024-09-11,South,Headset,1,110,completed
1062,2024-08-06,South,Monitor,1,320,completed
1063,2024-10-05,North,Mouse,2,40,completed
1064,2024-09-13,North,Laptop,5,1200,completed
1065,2024-10-23,West,Mouse,1,40,completed
1066,2024-07-11,North,Monitor,3,320,completed
1067,2024-04-04,North,Keyboard,3,85,completed
1068,2024-05-21,West,Monitor,2,320,completed
1069,2024-09-02,South,Headset,4,110,completed
1070,2024-12-10,West,Keyboard,3,85,returned
1071,2024-07-07,South,Mouse,5,40,completed
1072,2024-02-24,North,Headset,3,110,completed
1073,2024-10-29,South,Laptop,3,1200,completed
1074,2024-12-01,West,Monitor,5,320,returned
1075,2024-09-10,East,Keyboard,1,85,completed
1076,2024-09-15,North,Headset,4,110,completed
1077,2024-12-27,South,Headset,1,110,completed
1078,2024-01-02,East,Keyboard,5,85,completed
1079,2024-10-12,East,Headset,3,110,completed
1080,2024-07-08,West,Laptop,2,1200,completed
1081,2024-05-20,South,Mouse,3,40,completed
1082,2024-04-12,South,Headset,2,110,completed
1083,2024-01-04,South,Laptop,2,1200,completed
1084,2024-01-21,South,Laptop,2,1200,completed
1085,2024-01-19,North,Keyboard,3,85,completed
1086,2024-02-24,South,Monitor,3,320,completed
1087,2024-09-05,Central,Monitor,3,320,completed
1088,2024-01-01,West,Webcam,3,75,
1089,2024-07-29,North,Headset,1,110,completed
1090,2024-02-14,West,Webcam,4,75,completed
1091,2024-08-09,Central,Laptop,2,1200,completed
1092,2024-11-01,West,Webcam,3,75,completed
1093,2024-10-23,South,Webcam,4,75,completed
1094,2024-06-13,East,Monitor,2,320,completed
1095,2024-02-11,East,Mouse,3,40,
1096,2024-06-06,West,Laptop,5,1200,completed
1097,2024-02-15,East,Webcam,3,75,
1098,2024-10-07,West,Webcam,4,75,completed
1099,2024-07-01,South,Headset,4,110,completed
1100,2024-01-14,North,Monitor,4,320,completed
1101,2024-08-13,West,Keyboard,4,85,completed
1102,2024-03-01,East,Headset,4,110,completed
1103,2024-02-15,South,Webcam,5,75,completed
1104,2024-01-07,North,Mouse,1,40,completed
1105,2024-06-10,East,Mouse,3,40,completed
1106,2024-12-22,North,Keyboard,4,85,completed
1107,2024-03-15,Central,Monitor,5,320,completed
1108,2024-04-03,North,Laptop,1,1200,completed
1109,2024-07-07,West,Laptop,3,1200,completed
1110,2024-04-29,Central,Headset,4,110,completed
1111,2024-11-01,Central,Headset,4,110,completed
1112,2024-05-12,North,Mouse,2,40,completed
1113,2024-01-31,West,Keyboard,1,85,completed
1114,2024-03-19,South,Headset,5,110,completed
1115,2024-03-29,West,Headset,1,110,completed
1116,2024-06-16,North,Monitor,1,320,completed
1117,2024-04-07,East,Mouse,5,40,completed
1118,2024-02-18,East,Headset,4,110,returned
1119,2024-01-24,North,Keyboard,5,85,completed
1120,2024-10-31,Central,Headset,4,110,completed
1121,2024-01-17,South,Laptop,1,1200,completed
1122,2024-07-08,West,Webcam,1,75,completed
1123,2024-09-12,West,Headset,4,110,completed
1124,2024-05-18,North,Monitor,3,320,completed
1125,2024-11-10,East,Webcam,3,75,completed
1126,2024-01-12,Central,Headset,2,110,completed
1127,2024-03-25,North,Mouse,5,40,completed
1128,2024-12-18,West,Webcam,1,75,cancelled
1129,2024-12-30,Central,Mouse,4,40,completed
1130,2024-10-24,East,Mouse,5,40,completed
1131,2024-10-26,West,Laptop,1,1200,completed
1132,2024-02-05,North,Mouse,5,40,
1133,2024-07-07,South,Headset,1,110,completed
1134,2024-03-11,East,Headset,1,110,completed
1135,2024-12-02,North,Monitor,1,320,completed
1136,2024-01-10,South,Headset,1,110,completed
1137,2024-08-03,North,Webcam,3,75,cancelled
1138,2024-10-30,South,Webcam,3,75,completed
1139,2024-06-28,North,Laptop,2,1200,returned
1140,2024-07-12,East,Headset,3,110,completed
1141,2024-08-10,North,Headset,3,110,completed
1142,2024-06-10,South,Laptop,1,1200,completed
1143,2024-01-19,East,Mouse,2,40,completed
1144,2024-02-09,North,Keyboard,4,85,completed
1145,2024-12-07,North,Headset,4,110,completed
1146,2024-09-11,North,Keyboard,4,85,completed
1147,2024-07-13,West,Monitor,4,320,completed
1148,2024-07-12,North,Webcam,3,75,completed
1149,2024-10-12,Central,Webcam,3,75,completed
1150,2024-03-25,West,Laptop,4,1200,cancelled
1151,2024-01-02,Central,Webcam,2,75,completed
1152,2024-12-13,North,Mouse,4,40,completed
1153,2024-06-08,East,Laptop,3,1200,completed
1154,2024-05-05,West,Monitor,2,320,completed
1155,2024-01-21,West,Mouse,1,40,completed
1156,2024-12-21,West,Webcam,5,75,completed
1157,2024-02-29,East,Laptop,3,1200,completed
1158,2024-05-18,North,Webcam,4,75,completed
1159,2024-04-22,Central,Laptop,5,1200,completed
1160,2024-11-24,North,Headset,1,110,completed
1161,2024-10-20,West,Mouse,5,40,cancelled
1162,2024-08-02,North,Keyboard,5,85,completed
1163,2024-06-02,Central,Mouse,2,40,completed
1164,2024-03-10,Central,Headset,1,110,completed
1165,2024-09-16,East,Webcam,1,75,completed
1166,2024-06-01,North,Laptop,5,1200,completed
1167,2024-11-16,Central,Headset,5,110,completed
1168,2024-06-26,West,Laptop,4,1200,completed
1169,2024-02-14,North,Laptop,4,1200,completed
1170,2024-03-27,South,Keyboard,4,85,returned
1171,2024-11-27,South,Keyboard,3,85,cancelled
1172,2024-01-27,North,Keyboard,3,85,completed
1173,2024-09-27,East,Webcam,1,75,completed
1174,2024-01-30,West,Webcam,5,75,completed
1175,2024-10-31,East,Monitor,2,320,completed
1176,2024-07-29,North,Keyboard,2,85,completed
1177,2024-05-19,East,Mouse,4,40,completed
1178,2024-12-29,Central,Headset,5,110,completed
1179,2024-10-16,North,Keyboard,4,85,
1180,2024-08-23,West,Mouse,2,40,completed
1181,2024-05-22,East,Keyboard,2,85,completed
1182,2024-08-31,East,Webcam,4,75,completed
1183,2024-01-03,North,Webcam,2,75,completed
1184,2024-04-06,East,Monitor,4,320,completed
1185,2024-01-18,East,Keyboard,4,85,completed
1186,2024-08-31,North,Laptop,2,1200,completed
1187,2024-05-31,South,Monitor,5,320,completed
1188,2024-03-25,East,Keyboard,1,85,completed
1189,2024-03-14,North,Mouse,5,40,completed
1190,2024-04-16,Central,Monitor,3,320,completed
1191,2024-05-14,Central,Keyboard,3,85,completed
1192,2024-01-19,South,Keyboard,5,85,completed
1193,2024-02-17,Central,Laptop,3,1200,completed
1194,2024-08-28,Central,Webcam,1,75,
1195,2024-12-19,South,Mouse,3,40,completed
1196,2024-11-01,South,Webcam,4,75,completed
1197,2024-05-07,West,Mouse,5,40,completed
1198,2024-06-10,Central,Webcam,1,75,completed
1199,2024-05-31,West,Webcam,3,75,returned
1200,2024-07-14,South,Headset,2,110,cancelled
1201,2024-12-09,West,Mouse,5,40,completed
1202,2024-03-12,South,Laptop,4,1200,completed
1203,2024-11-02,Central,Headset,4,110,completed
1204,2024-02-12,South,Laptop,3,1200,completed
1205,2024-07-28,Central,Laptop,2,1200,completed
1206,2024-08-29,South,Mouse,2,40,completed
1207,2024-06-10,Central,Monitor,5,320,completed
1208,2024-08-04,North,Laptop,3,1200,completed
1209,2024-11-22,West,Keyboard,3,85,completed
1210,2024-04-09,Central,Webcam,3,75,completed
1211,2024-02-16,West,Webcam,1,75,cancelled
1212,2024-10-12,South,Laptop,3,1200,returned
1213,2024-02-20,North,Laptop,4,1200,completed
1214,2024-07-03,Central,Mouse,4,40,completed
1215,2024-04-11,Central,Keyboard,2,85,completed
1216,2024-02-15,West,Headset,5,110,completed
1217,2024-01-09,West,Laptop,4,1200,completed
1218,2024-09-19,West,Mouse,1,40,completed
1219,2024-04-16,South,Monitor,3,320,completed
1220,2024-11-19,North,Mouse,4,40,completed
1221,2024-10-31,West,Headset,2,110,completed
1222,2024-03-03,Central,Mouse,4,40,completed
1223,2024-02-14,South,Laptop,2,1200,completed
1224,2024-06-07,East,Laptop,2,1200,cancelled
1225,2024-06-24,West,Headset,2,110,completed
1226,2024-05-18,South,Monitor,4,320,cancelled
1227,2024-07-29,East,Keyboard,1,85,cancelled
1228,2024-10-15,South,Headset,1,110,
1229,2024-11-22,West,Mouse,2,40,completed
1230,2024-04-30,South,Laptop,2,1200,cancelled
1231,2024-09-23,East,Headset,2,110,cancelled
1232,2024-12-09,East,Keyboard,3,85,completed
1233,2024-10-10,Central,Webcam,4,75,completed
1234,2024-06-07,West,Keyboard,5,85,completed
1235,2024-08-16,South,Headset,2,110,completed
1236,2024-08-11,South,Webcam,1,75,completed
1237,2024-05-16,East,Laptop,2,1200,completed
1238,2024-09-30,Central,Laptop,2,1200,completed
1239,2024-03-13,Central,Headset,1,110,completed
1240,2024-02-13,East,Headset,1,110,returned
