accountId,customerName,accountType,status,balance,dailyLimit,currency,openedDate
ACC1000,Lucas Côté,SAVINGS,ACTIVE,2500.00,1200.00,CAD,2021-01-01
ACC1001,Amélie Martin,CHECKING,ACTIVE,2820.00,1310.00,USD,2022-02-02
ACC1002,Noah Bernard,CREDIT,ACTIVE,3140.00,1420.00,EUR,2023-03-03
ACC1003,Chloé Tremblay,SAVINGS,ACTIVE,3460.00,1530.00,CAD,2021-04-04
ACC1004,Sofia Roy,CHECKING,ACTIVE,3780.00,1640.00,USD,2022-05-05
ACC1005,Liam Dubois,CREDIT,ACTIVE,4100.00,1750.00,EUR,2023-06-06
ACC1006,Mila Gagnon,SAVINGS,ACTIVE,4420.00,1860.00,CAD,2021-07-07
ACC1007,Gabriel Tremblay,CHECKING,ACTIVE,4740.00,1200.00,USD,2022-08-08
ACC1008,Emma Bouchard,CREDIT,ACTIVE,5060.00,1310.00,EUR,2023-09-09
ACC1009,Leo Lavoie,SAVINGS,ACTIVE,5380.00,1420.00,CAD,2021-01-10
ACC1010,Ava Girard,CHECKING,ACTIVE,5700.00,1530.00,USD,2022-02-11
ACC1011,Ethan Rousseau,CREDIT,ACTIVE,6020.00,1640.00,EUR,2023-03-12
ACC1012,Zoe Lafleur,SAVINGS,ACTIVE,6340.00,1750.00,CAD,2021-04-13
ACC1013,Nathan Charbonneau,CHECKING,ACTIVE,6660.00,1860.00,USD,2022-05-14
ACC1014,Lea Moreau,CREDIT,ACTIVE,6980.00,1200.00,EUR,2023-06-15
ACC1015,Arthur Pelletier,SAVINGS,ACTIVE,7300.00,1310.00,CAD,2021-07-16
ACC1016,Ella Huot,CHECKING,ACTIVE,7620.00,1420.00,USD,2022-08-17
ACC1017,Hugo Roux,CREDIT,ACTIVE,7940.00,1530.00,EUR,2023-09-18
ACC1018,Jade Denis,SAVINGS,ACTIVE,8260.00,1640.00,CAD,2021-01-19
ACC1019,Samuel Labelle,CHECKING,ACTIVE,8580.00,1750.00,USD,2022-02-20
ACC1020,Ines Lapointe,CREDIT,ACTIVE,8900.00,1860.00,EUR,2023-03-21
ACC1021,Mathis Paquette,SAVINGS,ACTIVE,9220.00,1200.00,CAD,2021-04-22
ACC1022,Olivia Côté,CHECKING,ACTIVE,9540.00,1310.00,USD,2022-05-23
ACC1023,Julian Fortin,CREDIT,ACTIVE,9860.00,1420.00,EUR,2023-06-24
ACC1024,Camille Vachon,SAVINGS,ACTIVE,10180.00,1530.00,CAD,2021-07-25
ACC1025,Raphaël Blais,CHECKING,ACTIVE,10500.00,1640.00,USD,2022-08-26
ACC1026,Ariane Poulin,CREDIT,ACTIVE,10820.00,1750.00,EUR,2023-09-27
ACC1027,Léo Gauthier,SAVINGS,ACTIVE,11140.00,1860.00,CAD,2021-01-01
ACC1028,Maeva Bergeron,CHECKING,ACTIVE,11460.00,1200.00,USD,2022-02-02
ACC1029,Nicolas Lachance,CREDIT,ACTIVE,11780.00,1310.00,EUR,2023-03-03
ACC1030,Charlotte Dumas,SAVINGS,ACTIVE,12100.00,1420.00,CAD,2021-04-04
ACC1031,Victor Perron,CHECKING,ACTIVE,12420.00,1530.00,USD,2022-05-05
ACC1032,Rose Bernard,CREDIT,ACTIVE,12740.00,1640.00,EUR,2023-06-06
ACC1033,Adrian Roy,SAVINGS,ACTIVE,13060.00,1750.00,CAD,2021-07-07
ACC1034,Anaïs Guay,CHECKING,ACTIVE,13380.00,1860.00,USD,2022-08-08
ACC1035,Yanis Nadeau,CREDIT,FROZEN,13700.00,1200.00,EUR,2023-09-09
ACC1036,Elsa Dumont,SAVINGS,FROZEN,14020.00,1310.00,CAD,2021-01-10
ACC1037,William Dufresne,CHECKING,CLOSED,14340.00,1420.00,USD,2022-02-11
ACC1038,Maia Beaupré,CREDIT,CLOSED,14660.00,1530.00,EUR,2023-03-12
ACC1039,Thomas Poirier,SAVINGS,DORMANT,14980.00,1640.00,CAD,2021-04-13
