transactionId,timestamp,type,fromAccount,toAccount,amount,channel,description
TX00001,2026-10-02T07:13:17,PURCHASE,ACC1017,ACC1029,193.06,POS,Sample transfer
TX00002,2026-10-03T14:26:34,DEPOSIT,ACC1034,ACC1018,193.06,ONLINE,Sample transfer
TX00003,2026-10-04T21:39:51,WITHDRAWAL,ACC1011,,193.06,POS,Sample transfer
TX00004,2026-10-05T04:52:08,TRANSFER,ACC1028,ACC1036,193.06,ONLINE,Sample transfer
TX00005,2026-10-06T11:05:25,PURCHASE,,ACC1025,193.06,POS,Sample transfer
TX00006,2026-10-07T18:18:42,DEPOSIT,ACC1022,,193.06,ONLINE,Sample transfer
TX00007,2026-10-08T01:31:59,WITHDRAWAL,ACC1039,ACC1003,38.50,POS,Sample transfer
TX00008,2026-10-15T06:02:15,TRANSFER,ACC1001,ACC1002,193.06,ONLINE,Transfer
TX00009,2026-10-10T15:57:33,PURCHASE,ACC1033,,193.06,POS,Sample transfer
TX00010,2026-10-11T22:10:50,DEPOSIT,,ACC1010,193.06,ONLINE,Sample transfer
TX00011,2026-10-12T05:23:07,WITHDRAWAL,ACC1027,ACC1039,193.06,POS,Sample transfer
TX00012,2026-10-13T12:36:24,TRANSFER,ACC1004,,193.06,ONLINE,Sample transfer
TX00013,2026-10-14T19:49:41,PURCHASE,ACC1021,ACC1017,193.06,POS,Sample transfer
TX00014,2026-10-15T02:02:58,DEPOSIT,ACC1038,ACC1006,38.50,ONLINE,Sample transfer
TX00015,2026-10-16T09:15:15,WITHDRAWAL,,,193.06,POS,Sample transfer
TX00016,2026-10-17T16:28:32,TRANSFER,ACC1032,ACC1024,193.06,ONLINE,Sample transfer
TX00017,2026-10-18T23:41:49,PURCHASE,ACC1009,ACC1013,193.06,POS,Sample transfer
TX00018,2026-10-19T06:54:06,DEPOSIT,ACC1026,,193.06,ONLINE,Sample transfer
TX00019,2026-10-20T13:07:23,WITHDRAWAL,ACC1003,ACC1031,193.06,POS,Sample transfer
TX00020,2026-10-21T20:20:40,TRANSFER,,ACC1020,193.06,ONLINE,Sample transfer
TX00021,2026-10-22T03:33:57,PURCHASE,ACC1037,,38.50,POS,Sample transfer
TX00022,2026-10-23T10:46:14,DEPOSIT,ACC1014,ACC1038,193.06,ONLINE,Sample transfer
TX00023,2026-10-24T17:59:31,WITHDRAWAL,ACC1031,ACC1027,193.06,POS,Sample transfer
TX00024,2026-10-25T00:12:48,TRANSFER,ACC1008,,193.06,ONLINE,Sample transfer
TX00025,2026-10-26T07:25:05,PURCHASE,,ACC1005,193.06,POS,Sample transfer
TX00008,2026-10-15T06:04:15,TRANSFER,ACC1001,ACC1002,193.06,ONLINE,Transfer repeat
TX00027,2026-10-28T21:51:39,WITHDRAWAL,ACC1019,,193.06,POS,Sample transfer
TX00028,2026-10-01T04:04:56,TRANSFER,ACC1036,ACC1012,38.50,ONLINE,Sample transfer
TX00029,2026-10-02T11:17:13,PURCHASE,ACC1013,ACC1001,193.06,POS,Sample transfer
TX00030,2026-10-03T18:30:30,DEPOSIT,,,193.06,ONLINE,Sample transfer
TX00031,2026-10-04T01:43:47,WITHDRAWAL,ACC1007,ACC1019,193.06,POS,Sample transfer
TX00032,2026-10-05T08:56:04,TRANSFER,ACC1024,ACC1008,193.06,ONLINE,Sample transfer
TX00033,2026-10-06T15:09:21,PURCHASE,ACC1001,,193.06,POS,Sample transfer
TX00034,2026-10-07T22:22:38,DEPOSIT,ACC1018,ACC1026,193.06,ONLINE,Sample transfer
TX00035,2026-10-08T05:35:55,WITHDRAWAL,,ACC1015,38.50,POS,Sample transfer
TX00036,2026-10-09T12:48:12,TRANSFER,ACC1012,,193.06,ONLINE,Sample transfer
TX00037,2026-10-10T19:01:29,PURCHASE,ACC1029,ACC1033,193.06,POS,Sample transfer
TX00038,2026-10-11T02:14:46,DEPOSIT,ACC1006,ACC1022,193.06,ONLINE,Sample transfer
TX00039,2026-10-12T09:27:03,WITHDRAWAL,ACC1023,,193.06,POS,Sample transfer
TX00040,2026-10-13T16:40:20,TRANSFER,,ACC1000,193.06,ONLINE,Sample transfer
TX00041,2026-10-14T23:53:37,PURCHASE,ACC1017,ACC1029,193.06,POS,Sample transfer
TX00042,2026-10-15T06:06:54,DEPOSIT,ACC1034,,38.50,ONLINE,Sample transfer
TX00043,2026-10-16T13:19:11,WITHDRAWAL,ACC1011,ACC1007,193.06,POS,Sample transfer
TX00044,2026-10-17T20:32:28,TRANSFER,ACC1028,ACC1036,193.06,ONLINE,Sample transfer
TX00045,2026-10-18T03:45:45,PURCHASE,,,193.06,POS,Sample transfer
TX00046,2026-10-19T10:58:02,DEPOSIT,ACC1022,ACC1014,193.06,ONLINE,Sample transfer
TX00047,2026-10-20T17:11:19,WITHDRAWAL,ACC1039,ACC1003,193.06,POS,Sample transfer
TX00048,2026-10-21T00:24:36,TRANSFER,ACC1016,,193.06,ONLINE,Sample transfer
TX00049,2026-10-22T07:37:53,PURCHASE,ACC1033,ACC1021,38.50,POS,Sample transfer
TX00050,2026-10-23T14:50:10,DEPOSIT,,ACC1010,193.06,ONLINE,Sample transfer
TX00051,2026-10-24T21:03:27,WITHDRAWAL,ACC1027,,193.06,POS,Sample transfer
TX00052,2026-10-25T04:16:44,TRANSFER,ACC1004,ACC1028,193.06,ONLINE,Sample transfer
TX00053,2026-10-26T11:29:01,PURCHASE,ACC1021,ACC1017,193.06,POS,Sample transfer
TX00054,2026-10-27T18:42:18,DEPOSIT,ACC1038,,193.06,ONLINE,Sample transfer
TX00055,2026-10-28T01:55:35,WITHDRAWAL,,ACC1035,193.06,POS,Sample transfer
TX00056,2026-10-01T08:08:52,TRANSFER,ACC1032,ACC1024,38.50,ONLINE,Sample transfer
TX00057,2026-10-02T15:21:09,PURCHASE,ACC1009,,193.06,POS,Sample transfer
TX00058,2026-10-03T22:34:26,DEPOSIT,ACC1026,ACC1002,193.06,ONLINE,Sample transfer
TX00059,2026-10-04T05:47:43,WITHDRAWAL,ACC1003,ACC1031,193.06,POS,Sample transfer
TX00060,2026-10-05T12:00:00,TRANSFER,,,193.06,ONLINE,Sample transfer
TX00061,2026-10-06T19:13:17,PURCHASE,ACC1037,ACC1009,193.06,POS,Sample transfer
TX00062,2026-10-07T02:26:34,DEPOSIT,ACC1014,ACC1038,193.06,ONLINE,Sample transfer
TX00063,2026-10-15T06:24:15,TRANSFER,ACC1015,ACC1003,12.5O,ONLINE,Bad amount
TX00064,2026-10-09T16:52:08,TRANSFER,ACC1008,ACC1016,193.06,ONLINE,Sample transfer
TX00065,2026-10-10T23:05:25,PURCHASE,,ACC1005,193.06,POS,Sample transfer
TX00066,2026-10-11T06:18:42,DEPOSIT,ACC1002,,193.06,ONLINE,Sample transfer
TX00067,2026-10-12T13:31:59,WITHDRAWAL,ACC1019,ACC1023,193.06,POS,Sample transfer
TX00068,2026-10-13T20:44:16,TRANSFER,ACC1036,ACC1012,193.06,ONLINE,Sample transfer
TX00069,2026-10-14T03:57:33,PURCHASE,ACC1013,,193.06,POS,Sample transfer
TX00070,2026-10-15T10:10:50,DEPOSIT,,ACC1030,38.50,ONLINE,Sample transfer
TX00071,2026-10-15T06:02:15,TRANSFER,ACC1001,ACC1002,193.06,ONLINE,Transfer
TX00072,2026-10-17T00:36:24,TRANSFER,ACC1024,,193.06,ONLINE,Sample transfer
TX00073,2026-10-18T07:49:41,PURCHASE,ACC1001,ACC1037,193.06,POS,Sample transfer
TX00074,2026-10-19T14:02:58,DEPOSIT,ACC1018,ACC1026,193.06,ONLINE,Sample transfer
TX00075,2026-10-20T21:15:15,WITHDRAWAL,,,193.06,POS,Sample transfer
TX00076,2026-10-21T04:28:32,TRANSFER,ACC1012,ACC1004,193.06,ONLINE,Sample transfer
TX00077,2026-10-22T11:41:49,PURCHASE,ACC1029,ACC1033,38.50,POS,Sample transfer
TX00078,2026-10-23T18:54:06,DEPOSIT,ACC1006,,193.06,ONLINE,Sample transfer
TX00079,2026-10-24T01:07:23,WITHDRAWAL,ACC1023,ACC1011,193.06,POS,Sample transfer
TX00080,2026-10-25T08:20:40,TRANSFER,,ACC1000,193.06,ONLINE,Sample transfer
TX00081,2026-10-26T15:33:57,PURCHASE,ACC1017,,193.06,POS,Sample transfer
TX00082,2026-10-27T22:46:14,DEPOSIT,ACC1034,ACC1018,193.06,ONLINE,Sample transfer
TX00083,2026-10-28T05:59:31,WITHDRAWAL,ACC1011,ACC1007,193.06,POS,Sample transfer
TX00084,2026-10-01T12:12:48,TRANSFER,ACC1028,,38.50,ONLINE,Sample transfer
TX00085,2026-10-02T19:25:05,PURCHASE,,ACC1025,193.06,POS,Sample transfer
TX00086,2026-10-03T02:38:22,DEPOSIT,ACC1022,ACC1014,193.06,ONLINE,Sample transfer
TX00087,2026-10-04T09:51:39,WITHDRAWAL,ACC1039,,193.06,POS,Sample transfer
TX00088,2026-10-05T16:04:56,TRANSFER,ACC1016,ACC1032,193.06,ONLINE,Sample transfer
TX00089,2026-10-06T23:17:13,PURCHASE,ACC1033,ACC1021,193.06,POS,Sample transfer
TX00090,2026-10-07T06:30:30,DEPOSIT,,,193.06,ONLINE,Sample transfer
TX00071,2026-10-15T06:04:15,TRANSFER,ACC1001,ACC1002,193.06,ONLINE,Transfer repeat
TX00092,2026-10-09T20:56:04,TRANSFER,ACC1004,ACC1028,193.06,ONLINE,Sample transfer
TX00093,2026-10-10T03:09:21,PURCHASE,ACC1021,,193.06,POS,Sample transfer
TX00094,2026-10-11T10:22:38,purchase,ACC1038,ACC1006,193.06,ONLINE,Lunch purchase
TX00094,2026-10-15T08:14:22,purchase,ACC1022,ACC1019,210.42,ONLINE,Lunch purchase
TX00096,2026-10-13T00:48:12,TRANSFER,ACC1032,,193.06,ONLINE,Sample transfer
TX00097,2026-10-14T07:01:29,PURCHASE,ACC1009,ACC1013,193.06,POS,Sample transfer
TX00098,2026-10-15T14:14:46,DEPOSIT,ACC1026,ACC1002,38.50,ONLINE,Sample transfer
TX00099,2026-10-16T21:27:03,WITHDRAWAL,ACC1003,,193.06,POS,Sample transfer
TX00100,2026-10-17T04:40:20,TRANSFER,,ACC1020,193.06,ONLINE,Sample transfer
TX00101,2026-10-18T11:53:37,PURCHASE,ACC1037,ACC1009,193.06,POS,Sample transfer
TX00102,2026-10-19T18:06:54,DEPOSIT,ACC1014,,193.06,ONLINE,Sample transfer
TX00103,2026-10-20T01:19:11,WITHDRAWAL,ACC1031,ACC1027,193.06,POS,Sample transfer
TX00104,2026-10-21T08:32:28,TRANSFER,ACC1008,ACC1016,193.06,ONLINE,Sample transfer
TX00105,2026-10-22T15:45:45,PURCHASE,,,38.50,POS,Sample transfer
TX00106,2026-10-23T22:58:02,DEPOSIT,ACC1002,ACC1034,193.06,ONLINE,Sample transfer
TX00107,2026-10-24T05:11:19,WITHDRAWAL,ACC1019,ACC1023,193.06,POS,Sample transfer
TX00108,2026-10-25T12:24:36,TRANSFER,ACC1036,,193.06,ONLINE,Sample transfer
TX00109,2026-10-26T19:37:53,PURCHASE,ACC1013,ACC1001,193.06,POS,Sample transfer
TX00110,2026-10-27T02:50:10,DEPOSIT,,ACC1030,193.06,ONLINE,Sample transfer
TX00111,2026-10-28T09:03:27,WITHDRAWAL,ACC1007,,193.06,POS,Sample transfer
TX00112,2026-10-01T16:16:44,TRANSFER,ACC1024,ACC1008,38.50,ONLINE,Sample transfer
TX00113,2026-10-02T23:29:01,PURCHASE,ACC1001,ACC1037,193.06,POS,Sample transfer
TX00114,2026-10-03T06:42:18,DEPOSIT,ACC1018,,193.06,ONLINE,Sample transfer
TX00115,2026-10-04T13:55:35,WITHDRAWAL,,ACC1015,193.06,POS,Sample transfer
TX00116,2026-10-05T20:08:52,TRANSFER,ACC1012,ACC1004,193.06,ONLINE,Sample transfer
TX00117,2026-10-06T03:21:09,PURCHASE,ACC1029,,193.06,POS,Sample transfer
TX00118,2026-10-07T10:34:26,DEPOSIT,ACC1006,ACC1022,193.06,ONLINE,Sample transfer
TX00119,2026-10-08T17:47:43,WITHDRAWAL,ACC1023,ACC1011,38.50,POS,Sample transfer
TX00120,2026-10-09T00:00:00,TRANSFER,,,193.06,ONLINE,Sample transfer
TX00121,2026-10-10T07:13:17,PURCHASE,ACC1017,ACC1029,193.06,POS,Sample transfer
TX00122,2026-10-11T14:26:34,DEPOSIT,ACC1034,ACC1018,193.06,ONLINE,Sample transfer
TX00123,2026-10-12T21:39:51,WITHDRAWAL,ACC1011,,193.06,POS,Sample transfer
TX00124,2026-10-13T04:52:08,TRANSFER,ACC1028,ACC1036,193.06,ONLINE,Sample transfer
TX00125,2026-10-14T11:05:25,PURCHASE,,ACC1025,193.06,POS,Sample transfer
TX00126,2026-10-15T18:18:42,DEPOSIT,ACC1022,,38.50,ONLINE,Sample transfer
TX00127,2026-10-16T01:31:59,WITHDRAWAL,ACC1039,ACC1003,193.06,POS,Sample transfer
TX00128,2026-10-15T09:42:30,TRANSFER,ACC1018,ACC1005,-60.00,ONLINE,Fee reversal
TX00129,2026-10-18T15:57:33,PURCHASE,ACC1033,,193.06,POS,Sample transfer
TX00130,2026-10-19T22:10:50,DEPOSIT,,ACC1010,193.06,ONLINE,Sample transfer
TX00131,2026-10-20T05:23:07,WITHDRAWAL,ACC1027,ACC1039,193.06,POS,Sample transfer
TX00132,2026-10-21T12:36:24,TRANSFER,ACC1004,,193.06,ONLINE,Sample transfer
TX00133,2026-10-22T19:49:41,PURCHASE,ACC1021,ACC1017,38.50,POS,Sample transfer
TX00134,2026-10-15T09:54:16,REVERSAL,ACC1020,,85.26,PARTNER_FI,Indigo
TX00135,2026-10-24T09:15:15,WITHDRAWAL,,,193.06,POS,Sample transfer
TX00136,2026-10-25T16:28:32,TRANSFER,ACC1032,ACC1024,193.06,ONLINE,Sample transfer
TX00137,2026-10-26T23:41:49,PURCHASE,ACC1009,ACC1013,193.06,POS,Sample transfer
TX00138,2026-10-27T06:54:06,DEPOSIT,ACC1026,,193.06,ONLINE,Sample transfer
TX00139,2026-10-28T13:07:23,WITHDRAWAL,ACC1003,ACC1031,193.06,POS,Sample transfer
TX00140,2026-10-01T20:20:40,TRANSFER,,ACC1020,38.50,ONLINE,Sample transfer
TX00141,2026-10-02T03:33:57,PURCHASE,ACC1037,,193.06,POS,Sample transfer
TX00142,2026-10-03T10:46:14,DEPOSIT,ACC1014,ACC1038,193.06,ONLINE,Sample transfer
TX00143,2026-10-04T17:59:31,WITHDRAWAL,ACC1031,ACC1027,193.06,POS,Sample transfer
TX00144,2026-10-05T00:12:48,TRANSFER,ACC1008,,193.06,ONLINE,Sample transfer
TX00145,2026-10-06T07:25:05,PURCHASE,,ACC1005,193.06,POS,Sample transfer
TX00146,2026-10-07T14:38:22,DEPOSIT,ACC1002,ACC1034,193.06,ONLINE,Sample transfer
TX00147,2026-10-08T21:51:39,WITHDRAWAL,ACC1019,,38.50,POS,Sample transfer
TX00148,2026-10-09T04:04:56,TRANSFER,ACC1036,ACC1012,193.06,ONLINE,Sample transfer
TX00149,2026-10-10T11:17:13,PURCHASE,ACC1013,ACC1001,193.06,POS,Sample transfer
TX00150,2026-10-11T18:30:30,DEPOSIT,,,193.06,ONLINE,Sample transfer
TX00151,2026-10-12T01:43:47,WITHDRAWAL,ACC1007,ACC1019,193.06,POS,Sample transfer
TX00152,2026-10-13T08:56:04,TRANSFER,ACC1024,ACC1008,193.06,ONLINE,Sample transfer
TX00153,2026-10-14T15:09:21,PURCHASE,ACC1001,,193.06,POS,Sample transfer
TX00154,2026-10-15T22:22:38,DEPOSIT,ACC1018,ACC1026,38.50,ONLINE,Sample transfer
TX00155,2026-10-16T05:35:55,WITHDRAWAL,,ACC1015,193.06,POS,Sample transfer
TX00156,2026-10-17T12:48:12,TRANSFER,ACC1012,,193.06,ONLINE,Sample transfer
TX00157,2026-10-18T19:01:29,PURCHASE,ACC1029,ACC1033,193.06,POS,Sample transfer
TX00158,2026-10-19T02:14:46,DEPOSIT,ACC1006,ACC1022,193.06,ONLINE,Sample transfer
TX00159,2026-10-20T09:27:03,WITHDRAWAL,ACC1023,,193.06,POS,Sample transfer
TX00160,2026-10-21T16:40:20,TRANSFER,,ACC1000,193.06,ONLINE,Sample transfer
TX00161,2026-10-22T23:53:37,PURCHASE,ACC1017,ACC1029,38.50,POS,Sample transfer
TX00162,2026-10-23T06:06:54,DEPOSIT,ACC1034,,193.06,ONLINE,Sample transfer
TX00163,2026-10-24T13:19:11,WITHDRAWAL,ACC1011,ACC1007,193.06,POS,Sample transfer
TX00164,2026-10-25T20:32:28,TRANSFER,ACC1028,ACC1036,193.06,ONLINE,Sample transfer
TX00165,2026-10-26T03:45:45,PURCHASE,,,193.06,POS,Sample transfer
TX00166,2026-10-27T10:58:02,DEPOSIT,ACC1022,ACC1014,193.06,ONLINE,Sample transfer
TX00167,2026-10-28T17:11:19,WITHDRAWAL,ACC1039,ACC1003,193.06,POS,Sample transfer
TX00168,2026-10-01T00:24:36,TRANSFER,ACC1016,,38.50,ONLINE,Sample transfer
TX00169,2026-10-02T07:37:53,PURCHASE,ACC1033,ACC1021,193.06,POS,Sample transfer
TX00170,2026-10-03T14:50:10,DEPOSIT,,ACC1010,193.06,ONLINE,Sample transfer
TX00171,2026-10-04T21:03:27,WITHDRAWAL,ACC1027,,193.06,POS,Sample transfer
TX00172,2026-10-05T04:16:44,TRANSFER,ACC1004,ACC1028,193.06,ONLINE,Sample transfer
TX00173,2026-10-06T11:29:01,PURCHASE,ACC1021,ACC1017,193.06,POS,Sample transfer
TX00174,2026-10-07T18:42:18,DEPOSIT,ACC1038,,193.06,ONLINE,Sample transfer
TX00175,2026-10-08T01:55:35,WITHDRAWAL,,ACC1035,38.50,POS,Sample transfer
TX00176,2026-10-15T10:55:01,TRANSFER,,,90.00,ONLINE,Manual adjustment
TX00177,2026-10-10T15:21:09,PURCHASE,ACC1009,,193.06,POS,Sample transfer
TX00178,2026-10-11T22:34:26,DEPOSIT,ACC1026,ACC1002,193.06,ONLINE,Sample transfer
TX00179,2026-10-12T05:47:43,WITHDRAWAL,ACC1003,ACC1031,193.06,POS,Sample transfer
TX00180,2026-10-13T12:00:00,TRANSFER,,,193.06,ONLINE,Sample transfer
TX00181,2026-10-14T19:13:17,PURCHASE,ACC1037,ACC1009,193.06,POS,Sample transfer
TX00182,2026-10-15T02:26:34,DEPOSIT,ACC1014,ACC1038,38.50,ONLINE,Sample transfer
TX00183,2026-10-16T09:39:51,WITHDRAWAL,ACC1031,,193.06,POS,Sample transfer
TX00184,2026-10-17T16:52:08,TRANSFER,ACC1008,ACC1016,193.06,ONLINE,Sample transfer
TX00185,2026-10-18T23:05:25,PURCHASE,,ACC1005,193.06,POS,Sample transfer
TX00186,2026-10-19T06:18:42,DEPOSIT,ACC1002,,193.06,ONLINE,Sample transfer
TX00187,2026-10-20T13:31:59,WITHDRAWAL,ACC1019,ACC1023,193.06,POS,Sample transfer
TX00188,2026-10-21T20:44:16,TRANSFER,ACC1036,ACC1012,193.06,ONLINE,Sample transfer
TX00189,2026-10-22T03:57:33,PURCHASE,ACC1013,,38.50,POS,Sample transfer
TX00190,2026-10-23T10:10:50,DEPOSIT,,ACC1030,193.06,ONLINE,Sample transfer
TX00191,2026-10-24T17:23:07,WITHDRAWAL,ACC1007,ACC1019,193.06,POS,Sample transfer
TX00192,2026-10-25T00:36:24,TRANSFER,ACC1024,,193.06,ONLINE,Sample transfer
TX00193,2026-10-26T07:49:41,PURCHASE,ACC1001,ACC1037,193.06,POS,Sample transfer
TX00194,2026-10-27T14:02:58,DEPOSIT,ACC1018,ACC1026,193.06,ONLINE,Sample transfer
TX00195,2026-10-15T11:09:41,TRANSFER,ACC1009,ACC1030,15.005,PARTNER_FI,Bad amount
TX00196,2026-10-01T04:28:32,TRANSFER,ACC1012,ACC1004,38.50,ONLINE,Sample transfer
TX00197,2026-10-02T11:41:49,PURCHASE,ACC1029,ACC1033,193.06,POS,Sample transfer
TX00198,2026-10-03T18:54:06,DEPOSIT,ACC1006,,193.06,ONLINE,Sample transfer
TX00199,2026-10-04T01:07:23,WITHDRAWAL,ACC1023,ACC1011,193.06,POS,Sample transfer
TX00200,2026-10-05T08:20:40,TRANSFER,,ACC1000,193.06,ONLINE,Sample transfer
TX00201,2026-10-06T15:33:57,PURCHASE,ACC1017,,193.06,POS,Sample transfer
TX00202,2026-10-07T22:46:14,DEPOSIT,ACC1034,ACC1018,193.06,ONLINE,Sample transfer
TX00203,2026-10-08T05:59:31,WITHDRAWAL,ACC1011,ACC1007,38.50,POS,Sample transfer
TX00204,2026-10-15T12:12:33,DEPOSIT,,ACC1012,2400.00,PARTNER_FI,Payroll deposit
TX00205,2026-10-10T19:25:05,PURCHASE,,ACC1025,193.06,POS,Sample transfer
TX00206,2026-10-11T02:38:22,DEPOSIT,ACC1022,ACC1014,193.06,ONLINE,Sample transfer
TX00207,2026-10-12T09:51:39,WITHDRAWAL,ACC1039,,193.06,POS,Sample transfer
TX00208,2026-10-13T16:04:56,TRANSFER,ACC1016,ACC1032,193.06,ONLINE,Sample transfer
TX00209,2026-10-14T23:17:13,PURCHASE,ACC1033,ACC1021,193.06,POS,Sample transfer
TX00210,2026-10-15T06:30:30,DEPOSIT,,,38.50,ONLINE,Sample transfer
TX00211,2026-10-16T13:43:47,WITHDRAWAL,ACC1027,ACC1039,193.06,POS,Sample transfer
TX00212,2026-10-17T20:56:04,TRANSFER,ACC1004,ACC1028,193.06,ONLINE,Sample transfer
TX00213,2026-10-18T03:09:21,PURCHASE,ACC1021,,193.06,POS,Sample transfer
TX00214,2026-10-15T12:46:51,TRANSFER,ACC1030,ACC1003,193.06,ONLINE,Transfer
TX00215,2026-10-20T17:35:55,WITHDRAWAL,,ACC1035,193.06,POS,Sample transfer
TX00216,2026-10-21T00:48:12,TRANSFER,ACC1032,,193.06,ONLINE,Sample transfer
TX00217,2026-10-22T07:01:29,PURCHASE,ACC1009,ACC1013,38.50,POS,Sample transfer
TX00218,2026-10-23T14:14:46,DEPOSIT,ACC1026,ACC1002,193.06,ONLINE,Sample transfer
TX00219,2026-10-24T21:27:03,WITHDRAWAL,ACC1003,,193.06,POS,Sample transfer
TX00220,2026-10-25T04:40:20,TRANSFER,,ACC1020,193.06,ONLINE,Sample transfer
TX00204,2026-10-15T06:04:15,TRANSFER,ACC1001,ACC1002,193.06,ONLINE,Transfer repeat
TX00222,2026-10-27T18:06:54,DEPOSIT,ACC1014,,193.06,ONLINE,Sample transfer
TX00223,2026-10-28T01:19:11,WITHDRAWAL,ACC1031,ACC1027,193.06,POS,Sample transfer
TX00224,2026-10-01T08:32:28,TRANSFER,ACC1008,ACC1016,38.50,ONLINE,Sample transfer
TX00225,2026-10-02T15:45:45,PURCHASE,,,193.06,POS,Sample transfer
TX00226,2026-10-03T22:58:02,DEPOSIT,ACC1002,ACC1034,193.06,ONLINE,Sample transfer
TX00227,2026-10-04T05:11:19,WITHDRAWAL,ACC1019,ACC1023,193.06,POS,Sample transfer
TX00228,2026-10-05T12:24:36,TRANSFER,ACC1036,,193.06,ONLINE,Sample transfer
TX00229,2026-10-06T19:37:53,PURCHASE,ACC1013,ACC1001,193.06,POS,Sample transfer
TX00230,2026-10-07T02:50:10,DEPOSIT,,ACC1030,193.06,ONLINE,Sample transfer
TX00214,2026-10-15T06:04:15,TRANSFER,ACC1001,ACC1002,193.06,ONLINE,Transfer repeat
TX00232,2026-10-09T16:16:44,TRANSFER,ACC1024,ACC1008,193.06,ONLINE,Sample transfer
TX00233,2026-10-10T23:29:01,PURCHASE,ACC1001,ACC1037,193.06,POS,Sample transfer
TX00234,2026-10-11T06:42:18,DEPOSIT,ACC1018,,193.06,ONLINE,Sample transfer
TX00235,2026-10-12T13:55:35,WITHDRAWAL,,ACC1015,193.06,POS,Sample transfer
TX00236,2026-10-13T20:08:52,TRANSFER,ACC1012,ACC1004,193.06,ONLINE,Sample transfer
TX00237,2026-10-14T03:21:09,PURCHASE,ACC1029,,193.06,POS,Sample transfer
TX00238,2026-10-15T10:34:26,DEPOSIT,ACC1006,ACC1022,38.50,ONLINE,Sample transfer
TX00239,2026-10-16T17:47:43,WITHDRAWAL,ACC1023,ACC1011,193.06,POS,Sample transfer
TX00240,2026-10-17T00:00:00,TRANSFER,,,193.06,ONLINE,Sample transfer
